{
    "alpha_1_UE": [
        [
            {
                "coordsys": "LPS",
                "id": 1,
                "ijk_position": [
                    82,
                    152,
                    176
                ],
                "label": "CochleaTop",
                "orientation": [
                    -1.0,
                    -0.0,
                    -0.0,
                    -0.0,
                    -1.0,
                    -0.0,
                    0.0,
                    0.0,
                    1.0
                ],
                "xyz_position": [
                    -25.84198904834748,
                    -21.27774621993628,
                    36.9741918373567
                ],
                "shape": [
                    212,
                    189,
                    247
                ]
            },
            {
                "coordsys": "LPS",
                "id": 2,
                "ijk_position": [
                    82,
                    115,
                    116
                ],
                "label": "OvalWindow",
                "orientation": [
                    -1.0,
                    -0.0,
                    -0.0,
                    -0.0,
                    -1.0,
                    -0.0,
                    0.0,
                    0.0,
                    1.0
                ],
                "xyz_position": [
                    -25.873326704177927,
                    -17.67314744040257,
                    31.128899939372495
                ],
                "shape": [
                    212,
                    189,
                    247
                ]
            },
            {
                "coordsys": "LPS",
                "id": 3,
                "ijk_position": [
                    56,
                    110,
                    120
                ],
                "label": "RoundWindow",
                "orientation": [
                    -1.0,
                    -0.0,
                    -0.0,
                    -0.0,
                    -1.0,
                    -0.0,
                    0.0,
                    0.0,
                    1.0
                ],
                "xyz_position": [
                    -23.235708996294964,
                    -17.16039917957744,
                    31.47638162442655
                ],
                "shape": [
                    212,
                    189,
                    247
                ]
            }
        ]
    ],
    "delta_4_UE": [
        [
            {
                "coordsys": "LPS",
                "id": 1,
                "ijk_position": [
                    74,
                    164,
                    165
                ],
                "label": "CochleaTop",
                "orientation": [
                    -1.0,
                    -0.0,
                    -0.0,
                    -0.0,
                    -1.0,
                    -0.0,
                    0.0,
                    0.0,
                    1.0
                ],
                "xyz_position": [
                    -24.07156762671754,
                    -23.1804166411048,
                    42.096912683393526
                ],
                "shape": [
                    208,
                    203,
                    236
                ]
            },
            {
                "coordsys": "LPS",
                "id": 2,
                "ijk_position": [
                    88,
                    128,
                    106
                ],
                "label": "OvalWindow",
                "orientation": [
                    -1.0,
                    -0.0,
                    -0.0,
                    -0.0,
                    -1.0,
                    -0.0,
                    0.0,
                    0.0,
                    1.0
                ],
                "xyz_position": [
                    -25.482184740255192,
                    -19.46853081462659,
                    36.23317405716139
                ],
                "shape": [
                    208,
                    203,
                    236
                ]
            },
            {
                "coordsys": "LPS",
                "id": 3,
                "ijk_position": [
                    62,
                    119,
                    110
                ],
                "label": "RoundWindow",
                "orientation": [
                    -1.0,
                    -0.0,
                    -0.0,
                    -0.0,
                    -1.0,
                    -0.0,
                    0.0,
                    0.0,
                    1.0
                ],
                "xyz_position": [
                    -22.79157214604701,
                    -18.61113197609848,
                    36.49486933215878
                ],
                "shape": [
                    208,
                    203,
                    236
                ]
            }
        ]
    ],
    "epsilon_3_UE": [
        [
            {
                "coordsys": "LPS",
                "id": 1,
                "ijk_position": [
                    90,
                    38,
                    158
                ],
                "label": "CochleaTop",
                "orientation": [
                    -1.0,
                    -0.0,
                    -0.0,
                    -0.0,
                    -1.0,
                    -0.0,
                    0.0,
                    0.0,
                    1.0
                ],
                "xyz_position": [
                    -22.825618857740103,
                    -16.389359531741025,
                    39.67335314718946
                ],
                "shape": [
                    203,
                    218,
                    227
                ]
            },
            {
                "coordsys": "LPS",
                "id": 2,
                "ijk_position": [
                    90,
                    83,
                    106
                ],
                "label": "OvalWindow",
                "orientation": [
                    -1.0,
                    -0.0,
                    -0.0,
                    -0.0,
                    -1.0,
                    -0.0,
                    0.0,
                    0.0,
                    1.0
                ],
                "xyz_position": [
                    -22.892385925513466,
                    -20.935187851604045,
                    34.65041491798438
                ],
                "shape": [
                    203,
                    218,
                    227
                ]
            },
            {
                "coordsys": "LPS",
                "id": 3,
                "ijk_position": [
                    59,
                    83,
                    110
                ],
                "label": "RoundWindow",
                "orientation": [
                    -1.0,
                    -0.0,
                    -0.0,
                    -0.0,
                    -1.0,
                    -0.0,
                    0.0,
                    0.0,
                    1.0
                ],
                "xyz_position": [
                    -19.805325712910683,
                    -20.940674864671152,
                    35.01846382174614
                ],
                "shape": [
                    203,
                    218,
                    227
                ]
            }
        ]
    ],
    "eta_5_UE": [
        [
            {
                "coordsys": "LPS",
                "id": 1,
                "ijk_position": [
                    85,
                    38,
                    178
                ],
                "label": "CochleaTop",